Master System,Genesis,Game Gear,Sega CD,Sega 32X,Saturn,Dreamcast
ALF,3 Ninjas Kick Back,5 in 1 FunPak,3 Ninjas Kick Back / Hook,After Burner,3D Baseball,18 Wheeler: American Pro Trucker
Action Fighter,,Aerial Assault,A/X-101,BC Racers,Actua Golf,4 Wheel Thunder
Aerial Assault,6-Pak,Alien 3,After Burner III,Blackthorne,Albert Odyssey: Legend of Eldean,4x4 Evolution
After Burner,688 Attack Sub,Andre Agassi Tennis,Android Assault: The Revenge of Bari-Arm,Brutal Unleashed: Above the Claw,Alien Trilogy,AeroWings
Alex Kidd in Miracle World,A Dinosaur's Tale,Arcade Classics,Batman Returns,Chaotix,All-Star Baseball 1997 Featuring Frank Thomas,AeroWings 2: Airstrike
Alex Kidd in Shinobi World,ATP Tour Championship Tennis,Arch Rivals,Battlecorps,Cosmic Carnage,Alone in the Dark: One-Eyed Jack's Revenge,Airforce Delta
Alex Kidd: High-Tech World,AWS Pro Moves Soccer,Arena: Maze of Death,BC Racers,Doom,AMOK,Airforce Delta Demo Disc
Alex Kidd: The Lost Stars,Aaahh!!! Real Monsters,Ariel the Little Mermaid,Bill Walsh College Football,Golf Magazine: 36 Great Holes Starring Fred Couples,Andretti Racing,Alien Front Online
Alien Syndrome,Action 52,Astérix and the Great Rescue,Black Hole Assault,Kolibri,Area 51,Alone in the Dark: The New Nightmare
Altered Beast,Aero the Acro-Bat,Ax Battler: A Legend of Golden Axe,Bouncers,Metal Head,Astal,Armada
Reggie Jackson Baseball,Aero the Acro-Bat 2,Ayrton Senna's Super Monaco GP II,Bram Stoker's Dracula,Mortal Kombat II,Baku Baku Animal,Army Men: Sarge's Heroes
Walter Payton Football,Aerobiz,Baku Baku Animal,Brutal: Paws of Fury,Motocross Championship,Bases Loaded '96: Double Header,Atari Anniversary Edition
Astro Warrior,Aerobiz Supersonic,Batman Forever,Cadillacs and Dinosaurs: The Second Cataclysm,NBA Jam Tournament Edition,Batman Forever,Bang! Gunship Elite
Aztec Adventure: The Golden Road to Paradise,After Burner II,Batman Returns,Chuck Rock,NFL Quarterback Club,Battle Arena Toshinden Remix,Bangai-O
Black Belt,Air Buster,Batter Up,Chuck Rock II: Son of Chuck,Pitfall: The Mayan Adventure,Battle Arena Toshinden URA,Blue Stinger
Blade Eagle,Air Diver,Battleship: The Classic Naval Combat Game,Cliffhanger,Primal Rage,Battle Monsters,Bomberman Online
Bomber Raid,Al Michaels Announces HardBall III,Battletoads,Cobra Command,RBI Baseball '95,Battle Stations,Bust-A-Move 4
California Games,Alex Kidd in the Enchanted Castle,Beavis and Butt-Head,Compton's Interactive Encyclopedia,Shadow Squadron,BattleSport,Caesars Palace 2000: Millennium Gold Edition
Captain Silver,Alien 3,Bonkers Wax Up!,Corpse Killer,Space Harrier,Black Dawn,Cannon Spike
Casino Games,Alien Storm,Bram Stoker's Dracula,Crime Patrol,Spider-Man: Web of Fire,Black Fire,Capcom vs. SNK: Millennium Fight 2000
Castle of Illusion Starring Mickey Mouse,Alisia Dragoon,Bubble Bobble,Dark Wizard,Star Trek: Starfleet Academy Starship Bridge Simulator,Blam! Machinehead,Carrier
Choplifter,Altered Beast,Bugs Bunny in Double Trouble,Demolition Man,Star Wars Arcade,Blast Chamber,Centipede
Cloud Master,American Gladiators,Bust-A-Move,Double Switch,T-MEK,Blazing Dragons,Championship Surfer
Columns,Andre Agassi Tennis,Caesars Palace,Dracula Unleashed,Tempo,Blazing Heroes,Charge 'N Blast
Cyber Police ESWAT,Animaniacs,Captain America and the Avengers,Dragon's Lair,Toughman Contest,Bottom of the 9th,Cheats 'N Codes Volume 1
Cyborg Hunter,,Casino FunPak,Dune,Virtua Fighter,Brain Dead 13,Chicken Run
Dead Angle,Another World,Castle of Illusion Starring Mickey Mouse,Dungeon Explorer,Virtua Racing Deluxe,Break Point,ChuChu Rocket!
Dick Tracy,Arcade Classics,Chakan,Dungeon Master II: Skullkeep,World Series Baseball Starring Deion Sanders,Bubble Bobble also featuring Rainbow Islands,Coaster Works
Double Dragon,Arch Rivals,Chase H.Q.,Earthworm Jim: Special Edition,WWF Raw,Bug Too!,Confidential Mission
Enduro Racer,Arcus Odyssey,Cheese Cat-Astrophe Starring Speedy Gonzales,Ecco the Dolphin,WWF WrestleMania: The Arcade Game,Bug!,Conflict Zone
F-16 Fighter,Ariel the Little Mermaid,Chicago Syndicate,Ecco: The Tides of Time,Zaxxon's Motherbase 2000,Burning Rangers,Crazy Taxi
Fantasy Zone,Arnold Palmer Tournament Golf,Choplifter III,ESPN Baseball Tonight,Corpse Killer,Bust-A-Move 2: Arcade Edition,Crazy Taxi 2
Fantasy Zone II: The Tears of Opa-Opa,Arrow Flash,Chuck Rock,ESPN National Hockey Night,Fahrenheit,Bust-A-Move 3,Cyber Troopers Virtual-On: Oratorio Tangram M.S.B.S. Ver. 5.4
Fantasy Zone: The Maze,Art Alive!,Chuck Rock II: Son of Chuck,ESPN NBA Hangtime '95,Night Trap,Casper,D-2
Galaxy Force,Art of Fighting,CJ Elephant Fugitive,ESPN Sunday Night NFL,Slam City with Scottie Pippen,Center Ring Boxing,Dave Mirra Freestyle BMX
Gangster Town,Astérix and the Great Rescue,Cliffhanger,Eternal Champions: Challenge From the Dark Side,Supreme Warrior,Christmas NiGHTS into Dreams,Daytona USA
Ghostbusters,Atomic Robo-Kid,Clutch Hitter,Eye of the Beholder,,Cleaning Kit for Sega Saturn,Dead or Alive 2
Ghost House,Atomic Runner,Columns,Fahrenheit,,Clockwork Knight,Dead or Alive 2 Demo CD
Ghouls'n Ghosts,Awesome Possum Kicks Dr. Machino's Butt!,Cool Spot,Fatal Fury Special,,Clockwork Knight 2,Death Crimson OX
Golden Axe,Ayrton Senna's Super Monaco GP II,Cosmic Spacehead,FIFA International Soccer,,College Slam,Deep Fighter
Golden Axe Warrior,B.O.B.,Crystal Warriors,Final Fight CD,,Command & Conquer,Demolition Racer: No Exit
Golvellius: Valley of Doom,Back to the Future Part III,Cutthroat Island,Flashback,,Congo the Movie: The Lost City of Zinj,Dino Crisis
Great Baseball,Ballz 3D,Deep Duck Trouble Starring Donald Duck,Formula One World Championship: Beyond the Limit,,Contra: Legacy of War,Disney's 102 Dalmatians: Puppies to the Rescue
Great Basketball,Barbie Super Model,Defenders of Oasis,Ground Zero Texas,,Corpse Killer,Disney's Dinosaur
Great Football,Barkley Shut Up and Jam 2,Desert Speedtrap Starring Road Runner and Wile E. Coyote,Heart of the Alien: Out of this World Parts I and II,,Courier Crisis,Disney's Donald Duck Quack Attack
Great Golf,Barkley Shut Up and Jam!,Desert Strike: Return to the Gulf,Heimdall,,Creature Shock: Special Edition,Disney/Pixar's Buzz Lightyear of Star Command
Great Ice Hockey,Barney's Hide & Seek Game,Devilish,Hook,,Crimewave,Disney/Pixar's Toy Story 2: Buzz Lightyear to the Rescue!
Great Volleyball,Bass Masters Classic,Disney's Aladdin,INXS,,Criticom,Draconus Cult of the Wyrm
Hang-On / Astro Warrior,Bass Masters Classic: Pro Edition,Double Dragon,Iron Helix,,Croc: Legend of the Gobbos,Dragon Riders: Chronicles of Pern
Hang-On / Safari Hunt,,Dr. Robotnik's Mean Bean Machine,Jaguar XJ220,,Crusader: No Remorse,Ducati World Racing Challenge
Heavyweight Champ,Batman,Dragon Crystal,Jeopardy!,,Crypt Killer,Dynamite Cop
Joe Montana Football,Batman Forever,Dragon: The Bruce Lee Story,Joe Montana's NFL Football,,Cyber Speedway,Ecco the Dolphin: Defender of the Future
Kenseiden,Batman Returns,Dynamite Headdy,Jurassic Park,,Cyber Troopers Virtual-On,ECW Anarchy Rulz
King's Quest: Quest for the Crown,Batman: Revenge of The Joker,Earthworm Jim,Keio Flying Squadron,,Cyber Troopers Virtual-On NetLink Edition,ECW Hardcore Revolution
Kung Fu Kid,Battle Squadron,Ecco the Dolphin,Kids on Site,,Cyberia,Elemental Gimmick Gear
Lord of the Sword,Battlemaster,Ecco: The Tides of Time,Kris Kross,,D,ESPN International Track & Field
Marksman Shooting & Trap Shooting,Battletech: A Game of Armored Combat,"Evander Holyfield's ""Real Deal"" Boxing",Lethal Enforcers,,Darius Gaiden,ESPN NBA 2Night
Maze Hunter 3D,Battletoads,F-15 Strike Eagle,Lethal Enforcers II: Gun Fighters,,Dark Savior,Evil Dead: Hail to the King
Michael Jackson's Moonwalker,Battletoads/Double Dragon: The Ultimate Team,F1,Links: The Challenge of Golf,,Darklight Conflict,Evolution 2: Far Off Promise
Miracle Warriors: Seal of the Dark Lord,Beast Wrestler,Fantastic Dizzy,Loadstar: The Legend of Tully Bodine,,Daytona USA,Evolution: The World of Sacred Device
Missile Defense 3-D,Beauty and the Beast: Belle's Quest,Fantasy Zone,Lords of Thunder,,Daytona USA: C.C.E. NetLink Edition,Expendable
Monopoly,Beauty and the Beast: Roar of the Beast,Fatal Fury Special,Lunar: Eternal Blue,,Daytona USA: Championship Circuit Edition,F1 World Grand Prix
Montezuma's Revenge,Beavis and Butt-Head,FIFA International Soccer,Lunar: The Silver Star,,Decathlete,F355 Challenge
My Hero,Best of the Best: Championship Karate,FIFA Soccer 96,Mad Dog II: The Lost Gold,,Defcon 5,Fatal Fury: Mark of the Wolves
OutRun,Bible Adventures,Foreman for Real,Mad Dog McCree,,Die Hard Arcade,Fighting Force 2
Paperboy,,Frank Thomas Big Hurt Baseball,Mansion of Hidden Souls,,Die Hard Trilogy,Flag to Flag
Parlour Games,Bill Walsh College Football,Fred Couples Golf,Marky Mark and the Funky Bunch,,Doom,Floigan Bros. Episode 1
Penguin Land,Bill Walsh College Football '95,G-LOC: Air Battle,Mary Shelley's Frankenstein / Bram Stoker's Dracula,,Double Switch,Frogger 2: Swampy's Revenge
Phantasy Star,Bimini Run,Garfield: Caught in the Act,MegaRace,,Dragon Force,Fur Fighters
Poseidon Wars 3D,Bio-Hazard Battle,Garry Kitchen's Super Battletank: War in the Gulf,Mickey Mania: The Timeless Adventures of Mickey Mouse,,Dragonheart: Fire & Steel,Gauntlet Legends
Power Strike,Blades of Vengeance,Gear Works,Microcosm,,Duke Nukem 3D,Giga Wing
Pro Wrestling,Blaster Master 2,GP Rider,Midnight Raiders,,Earthworm Jim 2,Giga Wing 2
Psycho Fox,Blockbuster World Video Game Championship II,Greendog: The Beached Surfer Dude!,Mighty Morphin Power Rangers,,Enemy Zero,Grand Theft Auto 2
Quartet,Blockout,Halley Wars,Mortal Kombat,,F1 Challenge,Grandia II
R-Type,Bonanza Bros.,Heavyweight Champ,My Paint: The Animated Paint Program,,FIFA Road to World Cup 98,Gunbird 2
R.C. Grand Prix,Bonkers,Home Alone,NBA Jam,,FIFA Soccer 96,Gundam Side Story 0079: Rise from the Ashes
Rambo III,Boogerman: A Pick and Flick Adventure,Hook,NFL Football Trivia Challenge,,FIFA Soccer 97,Heavy Metal Geomatrix
Rambo: First Blood Part II,Boxing Legends of The Ring,Indiana Jones and the Last Crusade,NFL's Greatest: San Francisco vs. Dallas 1978-1993,,Fighters Megamix,Hidden & Dangerous
Rampage,Bram Stoker's Dracula,Iron Man/X-O Manowar in Heavy Metal,NHL Hockey '94,,Fighting Vipers,Hoyle Casino
Rastan,Brett Hull Hockey '95,James Pond II: Codename RoboCod,Night Trap,,Frank Thomas Big Hurt Baseball,Hydro Thunder
Rescue Mission,Brutal: Paws of Fury,Jeopardy!,Novastorm,,Galactic Attack,Illbleed
Rocky,Bubba 'N' Stix,Jeopardy! Sports Edition,Panic!,,Galaxy Fight,Incoming
SDI: Strategic Defense Initiative,Bubble and Squeak,Joe Montana Football,Pitfall: The Mayan Adventure,,Gex,Industrial Spy: Operation Espionage
Safari Hunt,Bubsy II,Judge Dredd,Popful Mail,,Ghen War,Internet Browser V3.0
Shanghai,Bubsy in Claws Encounters of the Furred Kind,Junction,Power Factory Featuring C+C Music Factory,,Golden Axe: The Duel,Iron Aces
Shinobi,Buck Rogers: Countdown to Doomsday,Jungle Strike: The Sequel to Desert Strike,Power Monger,,Grand Slam,Jeremy McGrath Supercross 2000
Shooting Gallery,Budokan: The Martial Spirit,Jurassic Park,Prime / Microcosm,,Grid Runner,Jet Set Radio
Slap Shot,Bugs Bunny in Double Trouble,Kawasaki Superbike Challenge,Prince of Persia,,Guardian Heroes,JoJo's Bizarre Adventure
Snail Maze,Bulls versus Blazers and the NBA Playoffs,Klax,Prize Fighter,,Gungriffon,Kao the Kangaroo
Sonic the Hedgehog,Bulls vs Lakers and the NBA Playoffs,Krusty's Fun House,Puggsy,,Hang-On GP,KISS Psycho Circus: The Nightmare Child
Space Harrier,Burning Force,Land of Illusion Starring Mickey Mouse,Racing Aces,,Heir of Zendor: The Legend and The Land,Legacy of Kain: Soul Reaver
Space Harrier 3D,Cadash,Last Action Hero,Radical Rex,,Herc's Adventures,Looney Tunes: Space Race
SpellCaster,Caesars Palace,Legend of Illusion Starring Mickey Mouse,RDF: Global Conflict,,Hexen,MagForce Racing
Spider-Man vs. The Kingpin,Cal Ripken Jr. Baseball,Lemmings,Revenge of the Ninja,,Hi-Octane,Maken X
Sports Pad Football,Caliber.50,Madden NFL '95,Revengers of Vengeance,,High Velocity: Mountain Racing Challenge,Mars Matrix
Spy vs Spy,California Games,Madden NFL 96,Rise of the Dragon,,Highway 2000,Marvel vs. Capcom 2: New Age of Heroes
Strider,,Magical Puzzle Popils,Road Avenger,,Hyper 3D Pinball,Marvel vs. Capcom: Clash of Super Heroes
Super Monaco GP,Captain America and the Avengers,Marble Madness,Road Rash,,Impact Racing,Mat Hoffman's Pro BMX
Super Tennis,Castle of Illusion Starring Mickey Mouse,Mega Man,Robo Aleste,,In the Hunt,Max Steel Covert Missions
Teddy Boy Blues,Castlevania: Bloodlines,Mickey's Ultimate Challenge,Samurai Shodown,,Independence Day,Maximum Pool
The Ninja,,Micro Machines,Sega Classics Arcade Collection,,Iron Man/X-O Manowar in Heavy Metal,MDK 2
Thunder Blade,Centurion: Defender of Rome,Mighty Morphin Power Rangers,Sensible Soccer,,Iron Storm,Metropolis Street Racer
Time Soldiers,Chakan,Mighty Morphin Power Rangers: The Movie,Sewer Shark,,Johnny Bazookatone,Midway's Greatest Arcade Hits Volume 1
TransBot,Champions World Class Soccer,MLBPA Baseball,Shadow of the Beast II,,Last Bronx,Midway's Greatest Arcade Hits Volume 2
Vigilante,Championship Bowling,Monster Truck Wars,Sherlock Holmes: Consulting Detective Vol. I,,Last Gladiators,Monaco Grand Prix
Wanted,Championship Pool,Mortal Kombat,Sherlock Holmes: Consulting Detective Vol. II,,Loaded,Mortal Kombat Gold
Where in the World is Carmen Sandiego?,Championship Pro-Am,Mortal Kombat II,Shining Force CD,,Lunacy,Mr. Driller
Wonder Boy,Chase H.Q. II,Ms. Pac-Man,Silpheed,,Madden NFL 97,Ms. Pac-Man Maze Madness
Wonder Boy III: The Dragon's Trap,Chester Cheetah: Too Cool to Fool,NBA Action Starring David Robinson,Slam City with Scottie Pippen,,Madden NFL 98,MTV Sports: Skateboarding Featuring Andy Macdonald
Wonder Boy in Monster Land,Chester Cheetah: Wild Wild Quest,NBA Jam,Snatcher,,Magic Carpet,Namco Museum
World Grand Prix,Chi Chi's Pro Challenge Golf,NBA Jam Tournament Edition,Sol-Feace,,Magic Knight Rayearth,NBA 2K
Great Soccer,Chiki Chiki Boys,NFL '95,Sonic the Hedgehog CD,,Manx TT Super Bike,NBA 2K1
Ys: Ancient Ys Vanished Omen,Chuck Rock,NFL Quarterback Club,Soul Star,,Marvel Super Heroes,NBA 2K2
Zaxxon 3D,Chuck Rock II: Son of Chuck,NFL Quarterback Club '96,Space Ace,,Mass Destruction,NBA Hoopz
Zillion,ClayFighter,NHL All-Star Hockey,Spider-Man vs. The Kingpin,,Maximum Force,NBA Showtime: NBA on NBC
Zillion II: The Tri Formation,Cliffhanger,NHL Hockey,Star Wars: Rebel Assault,,MechWarrior 2: 31st Century Combat,NCAA College Football 2K2
,Clue,Ninja Gaiden,StarBlade,,Mega Man 8: Anniversary Collector's Edition,NFL 2K
,Coach K College Basketball,Olympic Gold,Stellar-Fire,,Mega Man X4,NFL 2K1
,College Football USA 96,OutRun Europa,Supreme Warrior,,Midway Presents Arcade's Greatest Hits,NFL 2K2
,College Football USA 97,Pac-Attack,Surgical Strike,,Midway Presents Arcade's Greatest Hits: The Atari Collection 1,NFL Blitz 2000
,College Football's National Championship,Pac-Man,The Adventures of Batman & Robin,,Minnesota Fats: Pool Legend,NFL Blitz 2001
,College Football's National Championship II,Paperboy,The Adventures of Willy Beamish,,Mortal Kombat II,NFL QB Club 2001
,College Slam,Paperboy 2,The Colors of Modern Rock,,Mortal Kombat Trilogy,NFL Quarterback Club 2000
,Columns,Pete Sampras Tennis,The Lawnmower Man,,Mr. Bones,NHL 2K
,Columns III: Revenge of Columns,PGA Tour 96,The Masked Rider: Kamen Rider ZO,,Myst,NHL 2K2
,Combat Cars,PGA Tour Golf,The Misadventures of Flink,,NASCAR 98,Nightmare Creatures II
,Comix Zone,PGA Tour Golf II,The San Diego Zoo Presents... The Animals!,,NBA Action,Omikron: The Nomad Soul
,Contra: Hard Corps,Phantom 2040,The Secret of Monkey Island,,NBA Action 98,Ooga Booga
,Cool Spot,Pinball Dreams,The Software Toolworks' Star Wars Chess,,NBA Jam Extreme,Outtrigger
,Corporation,Poker Face Paul's Blackjack,The Space Adventure,,NBA Jam Tournament Edition,Pen Pen TriIceLon
,,Poker Face Paul's Gin,The Terminator,,NBA Live 97,Phantasy Star Online
,Cosmic Spacehead,Poker Face Paul's Poker,The Third World War,,NBA Live 98,Phantasy Star Online Ver. 2
,Crack Down,Poker Face Paul's Solitaire,Thunderhawk,,NetLink Custom Web Browser,Plasma Sword: Nightmare of Bilstein
,Cross Fire,Predator 2,Time Gal,,NetLink Game Pack,POD SpeedZone
,Crusader of Centy,Primal Rage,Tomcat Alley,,NFL '97,Power Stone
,Crystal's Pony Tale,Prince of Persia,Trivial Pursuit: Interactive Multimedia Game,,NFL Quarterback Club '96,Power Stone 2
,Crüe Ball,Psychic World,Vay,,NFL Quarterback Club '97,Prince of Persia: Arabian Nights
,Cutthroat Island,Putt & Putter: Miniature Golf,Wheel of Fortune,,NHL 97,Project Justice
,CyberBall,Quest for the Shaven Yak Starring Ren Hoëk & Stimpy,Who Shot Johnny Rock?,,NHL 98,Psychic Force 2012
,Cyborg Justice,R.B.I. Baseball '94,Wild Woody,,NHL All-Star Hockey,Q*bert
,DJ Boy,R.C. Grand Prix,Wing Commander,,NHL All-Star Hockey 98,Quake III Arena
,New Horizons,Riddick Bowe Boxing,Wirehead,,NHL Powerplay '96,Railroad Tycoon II
,Darius II,Rise of the Robots,Wolfchild,,Night Warriors: Darkstalkers' Revenge,Rayman 2: The Great Escape
,Dark Castle,Ristar,Wonder Dog,,NiGHTS into Dreams,Razor Freestyle Scooter
,Dashin' Desperadoes,Road Rash,World Cup USA 94,,Norse by Norsewest: The return of The Lost Vikings,Re-Volt
,David Crane's Amazing Tennis,RoboCop 3,WWF Rage in the Cage,,Off-World Interceptor Extreme,Ready 2 Rumble Boxing
,David Robinson's Supreme Court,RoboCop Versus The Terminator,,,Olympic Soccer,Ready 2 Rumble Boxing Demo Disc
,Davis Cup Tennis,Samurai Shodown,,,Outlaws of the Lost Dynasty,Ready 2 Rumble Boxing Round 2
,Deadly Moves,Scratch Golf,,,Pacific Theater of Operations II,Record of Lodoss War
,Death Duel,Shaq Fu,,,Pandemonium!,Red Dog: Superior Firepower
,Decap Attack,Shining Force: The Sword of Hajya,,,Panzer Dragoon,Reel Fishing: Wild
,Demolition Man,Shinobi II: The Silent Fury,,,Panzer Dragoon Saga,Resident Evil 2
,Desert Demolition Starring Road Runner and Wile E. Coyote,Side Pocket,,,Panzer Dragoon Zwei,Resident Evil 3: Nemesis
,Desert Strike: Return to the Gulf,Slider,,,Pebble Beach Golf Links,Resident Evil Code: Veronica
,Devilish: The Next Possession,Smash T.V.,,,PGA Tour 97,Rippin' Riders
,Dick Tracy,Solitaire FunPak,,,Powerslave,Roadsters
,"Dick Vitale's ""Awesome, Baby!"" College Hoops",Solitaire Poker,,,Primal Rage,Samba de Amigo
,Dino Land,Sonic Blast,,,Pro-Pinball: The Web,San Francisco Rush 2049
,Dinosaurs for Hire,Sonic Chaos,,,Quake,Seaman
,Disney's Aladdin,Sonic Drift 2,,,Quarterback Attack with Mike Ditka,Sega Bass Fishing
,,Sonic Labyrinth,,,Rampage World Tour,Sega Bass Fishing 2
,Doom Troopers,Sonic Spinball,,,Rayman,Sega GT
,Double Dragon,Sonic the Hedgehog,,,Resident Evil,Sega Marine Fishing
,Double Dragon 3: The Rosetta Stone,Sonic the Hedgehog 2,,,Revolution X,Sega Rally 2
,Double Dragon V: The Shadow Falls,Sonic the Hedgehog Triple Trouble,,,Rise 2 Resurrection,Sega Smash Pack Volume 1
,Dr. Robotnik's Mean Bean Machine,Space Harrier,,,Road & Track Presents The Need for Speed,Sega Swirl
,Dragon's Fury,Spider-Man and the X-Men in Arcade's Revenge,,,Road Rash,Seventh Cross Evolution
,Dragon's Revenge,Spider-Man vs. The Kingpin,,,Robo Pit,Shadow Man
,Dragon: The Bruce Lee Story,Spider-Man: Return of the Sinister Six,,,Robotica,Shenmue
,Dune II: Battle for Arrakis,Sports Illustrated: Championship Football & Baseball,,,Romance of the Three Kingdoms IV: Wall of Fire,Silent Scope
,Dungeons & Dragons: Warriors of the Eternal Sun,Sports Trivia,,,Saturn Bomberman,Silver
,Dynamite Duke,Sports Trivia: Championship Edition,,,Scorcher,Skies of Arcadia
,Dynamite Headdy,Star Trek Generations: Beyond the Nexus,,,Scud: The Disposable Assassin,Slave Zero
,ESPN Baseball Tonight,Star Trek: The Next Generation: The Advanced Holodeck Tutorial,,,Sega Ages,Sno-Cross Championship Racing
,ESPN National Hockey Night,Star Wars,,,Sega Rally Championship,Soldier of Fortune
,ESPN Speedworld,Stargate,,,Sega Rally Championship Plus NetLink Edition,Sonic Adventure
,ESPN Sunday Night NFL,Streets of Rage,,,Sega Touring Car Championship,Sonic Adventure 2
,ESWAT: City Under Siege,Streets of Rage 2,,,Sega Worldwide Soccer 97,Sonic Shuffle
,Earnest Evans,Strider II,,,Sega Worldwide Soccer 98,Soul Fighter
,Earth Defense,Super Columns,,,Shanghai: Triple-Threat,SoulCalibur
,Earthworm Jim,Super Golf,,,Shellshock,South Park Rally
,Earthworm Jim 2,Super Monaco GP,,,Shining Force III,South Park: Chef's Luv Shack
,Ecco Jr.,Super Off Road,,,Shining the Holy Ark,Space Channel 5
,Ecco the Dolphin,Super Space Invaders,,,Shining Wisdom,Spawn: In the Demon's Hand
,Ecco: The Tides of Time,Super Star Wars: Return of the Jedi,,,Shinobi Legions,Spec Ops II: Omega Squad
,El Viento,Surf Ninjas,,,Shockwave Assault,Speed Devils
,Elemental Master,T2: The Arcade Game,,,SimCity 2000,Speed Devils Online Racing
,Eternal Champions,Tails Adventures,,,Skeleton Warriors,Spider-Man
,"Evander Holyfield's ""Real Deal"" Boxing",TaleSpin,,,Sky Target,Spirit of Speed 1937
,Ex-Mutants,Taz in Escape from Mars,,,Slam 'n Jam '96 Featuring Magic & Kareem,Sports Jam
,Exile,Taz-Mania,,,Sonic 3D Blast,Star Wars Demolition
,ExoSquad,Tempo Jr.,,,Sonic Jam,Star Wars: Episode I Jedi Power Battles
,Exodus: Journey to the Promised Land,Tengen World Cup Soccer,,,Sonic R,Star Wars: Episode I Racer
,F-117 Night Storm,Terminator 2: Judgment Day,,,Soviet Strike,StarLancer
,F-15 Strike Eagle II,Tesserae,,,Space Hulk: Vengeance of the Blood Angels,Street Fighter Alpha 3
,F-22 Interceptor: Advanced Tactical Fighter,The Addams Family,,,Space Jam,Street Fighter III: 3rd Strike
,F1,The Adventures of Batman & Robin,,,Spot Goes to Hollywood,Street Fighter III: Double Impact
,FIFA 97: Gold Edition,The Berenstain Bears' Camping Adventure,,,StarFighter 3000,Stupid Invaders
,FIFA International Soccer,The Chessmaster,,,Steep Slope Sliders,Super Magnetic Neo
,FIFA Soccer 95,The GG Shinobi,,,Street Fighter Alpha 2,Super Runabout: San Francisco Edition
,FIFA Soccer 96,The Incredible Crash Dummies,,,Street Fighter Alpha: Warriors' Dreams,Surf Rocket Racers
,Family Feud,The Incredible Hulk,,,Street Fighter Collection,Suzuki Alstare Extreme Racing
,Fantasia,The Itchy & Scratchy Game,,,Street Fighter: The Movie,Sword of the Berserk: Guts' Rage
,Fantastic Dizzy,The Jungle Book,,,Striker '96,Sydney 2000
,Fatal Fury,The Lion King,,,Super Puzzle Fighter II Turbo,Tech Romancer
,Fatal Fury 2,The Lost World: Jurassic Park,,,Tempest 2000,Tee Off
,Fatal Labyrinth,The Lucky Dime Caper Starring Donald Duck,,,Ten Pin Alley,Tennis 2K2
,Fatal Rewind,The Majors: Pro Baseball,,,Tetris Plus,Test Drive 6
,Ferrari Grand Prix Challenge,The Simpsons: Bart vs. the Space Mutants,,,The Crow: City of Angels,Test Drive Le Mans
,Fever Pitch Soccer,The Simpsons: Bart vs. the World,,,The Horde,Test Drive V-Rally
,,The Simpsons: Bartman Meets Radioactive Man,,,The House of the Dead,The Grinch
,Fighting Masters,The Terminator,,,The Incredible Hulk: The Pantheon Saga,The House of the Dead 2
,Final Zone,Tom and Jerry: The Movie,,,The Legend of Oasis,The King of Fighters: Dream Match 1999
,Fire Shark,True Lies,,,The Lost World: Jurassic Park,The King of Fighters: Evolution
,Flashback,Urban Strike,,,The Mansion of Hidden Souls,The Last Blade 2: Heart of the Samurai
,Flicky,Vampire: Master of Darkness,,,Theme Park,The Next Tetris: On-Line Edition
,Foreman for Real,Virtua Fighter Animation,,,Three Dirty Dwarves,The Ring: Terror's Realm
,Forgotten Worlds,VR Troopers,,,Thunderstrike 2,The Typing of the Dead
,Frank Thomas Big Hurt Baseball,Wheel of Fortune,,,Time Warner Interactive's VR Virtua Racing,Time Stalkers
,Frogger,Wimbledon,,,Titan Wars,TNN Motorsports Hardcore Heat
,Fun 'n' Games,Winter Olympics,,,TNN Motor Sports HardCore 4x4,Tokyo Xtreme Racer
,Funny World & Balloon Boy,Wonder Boy,,,Tomb Raider,Tokyo Xtreme Racer 2
,G-LOC: Air Battle,Woody Pop,,,True Pinball,Tom Clancy's Rainbow Six
,Gaiares,World Class Leaderboard Golf,,,Tunnel B1,Tom Clancy's Rainbow Six Rogue Spear
,Gain Ground,World Cup USA 94,,,Ultimate Mortal Kombat 3,Tomb Raider: Chronicles
,Galahad,World Series Baseball,,,Valora Valley Golf,Tomb Raider: The Last Revelation
,Galaxy Force II,World Series Baseball '95,,,Virtua Cop,Tony Hawk's Pro Skater
,Garfield: Caught in the Act,WWF Raw,,,Virtua Cop 2,Tony Hawk's Pro Skater 2
,Gargoyles,WWF WrestleMania: Steel Cage Challenge,,,Virtua Fighter,Toy Commander
,Garry Kitchen's Super Battletank: War in the Gulf,X-Men,,,Virtua Fighter 2,TrickStyle
,Gauntlet IV,X-Men: GamesMaster's Legacy,,,Virtua Fighter Kids,UEFA Striker
,Gemfire,X-Men: Mojo World,,,Virtua Fighter Remix,Ultimate Fighting Championship
,General Chaos,Zool: Ninja of the Nth Dimension,,,Virtual Casino,Unreal Tournament
,Generations Lost,Zoop,,,Virtual Hydlide,Urban Chaos
,Genghis Khan II: Clan of the Gray Wolf,,,,Virtual Open Tennis,Vanishing Point
,George Foreman's KO Boxing,,,,VR Soccer,Vigilante 8: Second Offense
,Ghostbusters,,,,Warcraft II: The Dark Saga,Virtua Athlete 2000
,Ghouls'n Ghosts,,,,Wing Arms,Virtua Fighter 3tb
,Gods,,,,Winning Post EX,Virtua Striker 2 Ver. 2000.1
,Golden Axe,,,,Winter Heat,Virtua Tennis
,Golden Axe II,,,,Wipeout,Wacky Races
,Goofy's Hysterical History Tour,,,,World Cup Golf: Professional Edition,Walt Disney World Quest: Magical Racing Tour
,Granada,,,,World Series Baseball,Web Browser
,Jennifer Capriati Tennis,,,,World Series Baseball 98,Web Browser 2.0
,Greatest Heavyweights,,,,World Series Baseball II,Web Browser 2.62
,Greendog: The Beached Surfer Dude!,,,,Worldwide Soccer: Sega International Victory Goal Edition,Wetrix+
,Grind Stormer,,,,Worms,Who Wants to Beat Up a Millionaire
,Growl,,,,WWF In Your House,Wild Metal
,Gunstar Heroes,,,,WWF WrestleMania: The Arcade Game,World Series Baseball 2K1
,Wings of Wor,,,,X-Men: Children of the Atom,World Series Baseball 2K2
,Hard Drivin',,,,,Worms Armageddon
,HardBall '94,,,,,Worms World Party
,HardBall '95,,,,,WWF Attitude
,HardBall!,,,,,WWF Royal Rumble
,Haunting Starring Polterguy,,,,,Xtreme Sports
,Heavy Nova,,,,,Zombie Revenge
,Hellfire,,,,,
,Herzog Zwei,,,,,
,High Seas Havoc,,,,,
,Hit the Ice,,,,,
,Home Alone,,,,,
,Home Alone 2: Lost in New York,,,,,
,Hook,,,,,
,Double Dribble: The Playoff Edition,,,,,
,IMG International Tour Tennis,,,,,
,Indiana Jones and the Last Crusade,,,,,
,Insector X,,,,,
,Instruments of Chaos Starring Young Indiana Jones,,,,,
,Ishido: The Way of Stones,,,,,
,Izzy's Quest for the Olympic Rings,,,,,
,Jack Nicklaus' Power Challenge Golf,,,,,
,"James ""Buster"" Douglas Knockout Boxing",,,,,
,James Bond 007: The Duel,,,,,
,James Pond 3: Operation Starfish,,,,,
,James Pond II: Codename RoboCod,,,,,
,James Pond: Underwater Agent,,,,,
,Jammit,,,,,
,Jeopardy!,,,,,
,Jeopardy! Deluxe Edition,,,,,
,Jeopardy! Sports Edition,,,,,
,Jerry Glanville's Pigskin Footbrawl,,,,,
,Jewel Master,,,,,
,Joe & Mac,,,,,
,Joe Montana Football,,,,,
,Joe Montana II Sports Talk Football,,,,,
,John Madden Football,,,,,
,John Madden Football '92,,,,,
,John Madden Football '93,,,,,
,John Madden Football: Championship Edition,,,,,
,Jordan vs Bird,,,,,
,Joshua & The Battle of Jericho,,,,,
,Judge Dredd,,,,,
,Junction,,,,,
,Jungle Strike: The Sequel to Desert Strike,,,,,
,Jurassic Park,,,,,
,Jurassic Park: Rampage Edition,,,,,
,Justice League Task Force,,,,,
,Ka-Ge-Ki,,,,,
,Kawasaki Superbike Challenge,,,,,
,Kid Chameleon,,,,,
,King Salmon,,,,,
,King of the Monsters,,,,,
,King of the Monsters 2,,,,,
,King's Bounty: The Conqueror's Quest,,,,,
,Klax,,,,,
,Krusty's Fun House,,,,,
,LHX Attack Chopper,,,,,
,La Russa Baseball 95,,,,,
,Lakers versus Celtics and the NBA Playoffs,,,,,
,Landstalker: The Treasures of King Nole,,,,,
,Warsong,,,,,
,Last Action Hero,,,,,
,Last Battle,,,,,
,Lemmings,,,,,
,Lemmings 2: The Tribes,,,,,
,Lethal Enforcers,,,,,
,Lethal Enforcers II: Gun Fighters,,,,,
,Liberty or Death,,,,,
,Light Crusader,,,,,
,Lotus II: RECS,,,,,
,Lotus Turbo Challenge,,,,,
,MLBPA Baseball,,,,,
,Madden NFL '94,,,,,
,Madden NFL '95,,,,,
,Madden NFL 96,,,,,
,Madden NFL 97,,,,,
,Madden NFL 98,,,,,
,,,,,,
,Mallet Legend,,,,,
,Marble Madness,,,,,
,Mario Andretti Racing,,,,,
,Mario Lemieux Hockey,,,,,
,Marko,,,,,
,Marsupilami,,,,,
,Marvel Land,,,,,
,Mary Shelley's Frankenstein,,,,,
,Master of Monsters,,,,,
,Math Blaster: Episode 1,,,,,
,Mazin Saga: Mutant Fighter,,,,,
,McDonald's Treasure Land Adventure,,,,,
,Mega Bomberman,,,,,
,Mega Games I,,,,,
,Tyrants: Fight Through Time,,,,,
,Mega Turrican,,,,,
,Menacer 6-Game Cartridge,,,,,
,Mercs,,,,,
,MiG-29 Fighter Pilot,,,,,
,Michael Jackson's Moonwalker,,,,,
,Mick & Mack as the Global Gladiators,,,,,
,Mickey Mania: The Timeless Adventures of Mickey Mouse,,,,,
,Mickey's Ultimate Challenge,,,,,
,Micro Machines,,,,,
,Midnight Resistance,,,,,
,Might and Magic: Gates to Another World,,,,,
,Mighty Morphin Power Rangers,,,,,
,Mighty Morphin Power Rangers: The Movie,,,,,
,Mike Ditka Power Football,,,,,
,Minnesota Fats: Pool Legend,,,,,
,Monopoly,,,,,
,Mortal Kombat,,,,,
,Mortal Kombat 3,,,,,
,Mortal Kombat II,,,,,
,Ms. Pac-Man,,,,,
,Muhammad Ali Heavyweight Boxing,,,,,
,Mutant League Football,,,,,
,Mutant League Hockey,,,,,
,Mystic Defender,,,,,
,Mystical Fighter,,,,,
,NBA Action '94,,,,,
,NBA Action '95 Starring David Robinson,,,,,
,NBA All-Star Challenge,,,,,
,NBA Hang Time,,,,,
,NBA Jam,,,,,
,NBA Jam Tournament Edition,,,,,
,NBA Live 95,,,,,
,NBA Live 96,,,,,
,NBA Live 97,,,,,
,NBA Live 98,,,,,
,NBA Showdown '94,,,,,
,NCAA Final Four Basketball,,,,,
,NCAA Football,,,,,
,NFL '95,,,,,
,NFL 98,,,,,
,NFL Football '94 Starring Joe Montana,,,,,
,NFL Quarterback Club '96,,,,,
,NFL Quarterback Club,,,,,
,NFL Sports Talk Football '93 Starring Joe Montana,,,,,
,NHL 95,,,,,
,NHL 96,,,,,
,NHL 97,,,,,
,NHL 98,,,,,
,NHL All-Star Hockey '95,,,,,
,NHL Hockey '94,,,,,
,NHL Hockey,,,,,
,NHLPA Hockey,,,,,
,NHLPA Hockey '93,,,,,
,Newman-Haas IndyCar Featuring Nigel Mansell,,,,,
,Nigel Mansell's World Championship Racing,,,,,
,No Escape,,,,,
,Nobunaga's Ambition,,,,,
,Normy's Beach Babe-O-Rama,,,,,
,Olympic Gold,,,,,
,Olympic Summer Games,,,,,
,Onslaught,,,,,
,Operation Europe: Path to Victory 1939-45,,,,,
,OutRun,,,,,
,OutRun 2019,,,,,
,OutRunners,,,,,
,Outback Joey,,,,,
,Outlander,,,,,
,Outworld 2375 AD,,,,,
,P.T.O.: Pacific Theater of Operations,,,,,
,PGA European Tour,,,,,
,PGA Tour 96,,,,,
,PGA Tour Golf,,,,,
,PGA Tour Golf II,,,,,
,PGA Tour Golf II,,,,,
,PGA Tour Golf III,,,,,
,Pac-Attack,,,,,
,Pac-Man 2: The New Adventures,,,,,
,Pac-Mania,,,,,
,Paperboy,,,,,
,Paperboy 2,,,,,
,Pebble Beach Golf Links,,,,,
,Pelé II: World Tournament Soccer,,,,,
,Pelé!,,,,,
,Pete Sampras Tennis,,,,,
,Phantasy Star II,,,,,
,Phantasy Star III: Generations of Doom,,,,,
,Phantasy Star IV: The End of the Millennium,,,,,
,Phantom 2040,,,,,
,Phelios,,,,,
,Pink Goes to Hollywood,,,,,
,Pinocchio,,,,,
,Pirates! Gold,,,,,
,Pit-Fighter,,,,,
,Pitfall: The Mayan Adventure,,,,,
,Pocahontas,,,,,
,Populous,,,,,
,Power Monger,,,,,
,Powerball,,,,,
,Predator 2,,,,,
,Primal Rage,,,,,
,Prime Time NFL Football Starring Deion Sanders,,,,,
,Prince of Persia,,,,,
,Pro Quarterback,,,,,
,Puggsy,,,,,
,QuackShot Starring Donald Duck,,,,,
,Quad Challenge,,,,,
,R.B.I. Baseball '93,,,,,
,R.B.I. Baseball '94,,,,,
,R.B.I. Baseball 3,,,,,
,R.B.I. Baseball 4,,,,,
,Race Drivin',,,,,
,Radical Rex,,,,,
,Raiden Trad,,,,,
,Rambo III,,,,,
,Rampart,,,,,
,Ranger-X,,,,,
,Rastan Saga II,,,,,
,Red Zone,,,,,
,Revolution X,,,,,
,Richard Scarry's Busytown,,,,,
,Rings of Power,,,,,
,Risk,,,,,
,Risky Woods,,,,,
,Ristar,,,,,
,Road Rash,,,,,
,Road Rash 3: Tour De Force,,,,,
,Road Rash II,,,,,
,RoadBlasters,,,,,
,RoboCop 3,,,,,
,RoboCop Versus The Terminator,,,,,
,Rock n' Roll Racing,,,,,
,Rocket Knight Adventures,,,,,
,Roger Clemens' MVP Baseball,,,,,
,Rolling Thunder 2,,,,,
,Rolling Thunder 3,,,,,
,Rolo to the Rescue,,,,,
,Romance of the Three Kingdoms II,,,,,
,Romance of the Three Kingdoms III: Dragon of Destiny,,,,,
,Rugby World Cup 1995,,,,,
,Saint Sword,,,,,
,Samurai Shodown,,,,,
,Saturday Night Slam Masters,,,,,
,Scholastic's The Magic School Bus: Space Exploration Game,,,,,
,Scooby-Doo Mystery,,,,,
,SeaQuest DSV,,,,,
,Sesame Street Counting Cafe,,,,,
,Shadow Blasters,,,,,
,Shadow Dancer: The Secret of Shinobi,,,,,
,Shadow of the Beast,,,,,
,Shadow of the Beast II,,,,,
,Shadowrun,,,,,
,Shanghai II: Dragon's Eye,,,,,
,Shaq Fu,,,,,
,Shining Force,,,,,
,Shining Force II,,,,,
,Shining in the Darkness,,,,,
,Shinobi III: Return of the Ninja Master,,,,,
,Shove It! ...The Warehouse Game,,,,,
,Side Pocket,,,,,
,Skeleton Krew,,,,,
,Skitchin',,,,,
,Slaughter Sport,,,,,
,Smash T.V.,,,,,
,Socket,,,,,
,Sol-Feace,,,,,
,Sonic & Knuckles,,,,,
,Sonic 3D Blast,,,,,
,Sonic Classics,,,,,
,Sonic the Hedgehog,,,,,
,Sonic the Hedgehog 2,,,,,
,Sonic the Hedgehog 3,,,,,
,Sonic the Hedgehog Spinball,,,,,
,Sorcerer's Kingdom,,,,,
,Space Harrier II,,,,,
,Space Invaders '91,,,,,
,Sparkster: Rocket Knight Adventures 2,,,,,
,Speedball 2: Brutal Deluxe,,,,,
,Spider-Man,,,,,
,Spider-Man and Venom: Maximum Carnage,,,,,
,Spider-Man and the X-Men in Arcade's Revenge,,,,,
,Spider-Man vs. The Kingpin,,,,,
,Spiritual Warfare,,,,,
,Splatterhouse 2,,,,,
,Splatterhouse 3,,,,,
,Sports Talk Baseball,,,,,
,Spot Goes to Hollywood,,,,,
,Star Control,,,,,
,Star Trek: Deep Space Nine: Crossroads of Time,,,,,
,Star Trek: The Next Generation: Echoes from the Past,,,,,
,Starflight,,,,,
,Stargate,,,,,
,Steel Talons,,,,,
,Stormlord,,,,,
,Street Fighter II': Special Champion Edition,,,,,
,Street Smart,,,,,
,Streets of Rage,,,,,
,Streets of Rage 2,,,,,
,Streets of Rage 3,,,,,
,Strider,,,,,
,Strider II,,,,,
,Sub-Terrania,,,,,
,Summer Challenge,,,,,
,Sunset Riders,,,,,
,Super Baseball 2020,,,,,
,Super Battleship: The Classic Naval Combat Game,,,,,
,Super Hang-On,,,,,
,Super High Impact,,,,,
,Super Hydlide,,,,,
,Super League,,,,,
,Super Monaco GP,,,,,
,Super Off Road,,,,,
,Super Real Basketball,,,,,
,Super Street Fighter II: The New Challengers,,,,,
,Super Thunder Blade,,,,,
,Super Volley Ball,,,,,
,Superman,,,,,
,Sword of Sodan,,,,,
,Sword of Vermilion,,,,,
,Syd of Valis,,,,,
,Sylvester and Tweety in Cagey Capers,,,,,
,Syndicate,,,,,
,T2: The Arcade Game,,,,,
,TNN Bass Tournament of Champions,,,,,
,TNN Outdoors Bass Tournament '96,,,,,
,TaleSpin,,,,,
,Target Earth,,,,,
,Task Force Harrier EX,,,,,
,Taz in Escape from Mars,,,,,
,Taz-Mania,,,,,
,Team USA Basketball,,,,,
,TechnoClash,,,,,
,Technocop,,,,,
,Tecmo Super Baseball,,,,,
,Tecmo Super Bowl,,,,,
,Tecmo Super Bowl II: Special Edition,,,,,
,Tecmo Super Bowl III: Final Edition,,,,,
,Tecmo Super Hockey,,,,,
,Tecmo Super NBA Basketball,,,,,
,Tecmo World Cup '92,,,,,
,Teenage Mutant Ninja Turtles: The Hyperstone Heist,,,,,
,Teenage Mutant Ninja Turtles: Tournament Fighters,,,,,
,Terminator 2: Judgment Day,,,,,
,The Addams Family,,,,,
,The Adventures of Batman & Robin,,,,,
,The Adventures of Mighty Max,,,,,
,The Adventures of Rocky and Bullwinkle and Friends,,,,,
,The Aquatic Games Starring James Pond and The Aquabats,,,,,
,The Berenstain Bears' Camping Adventure,,,,,
,Soldiers of Fortune,,,,,
,The Death and Return of Superman,,,,,
,The Duel: Test Drive II,,,,,
,The Faery Tale Adventure,,,,,
,The Flintstones,,,,,
,The Gadget Twins,,,,,
,The Great Circus Mystery Starring Mickey & Minnie,,,,,
,The Great Waldo Search,,,,,
,The Humans,,,,,
,The Incredible Crash Dummies,,,,,
,The Incredible Hulk,,,,,
,The Jungle Book,,,,,
,The Lawnmower Man,,,,,
,The Lion King,,,,,
,The Lost Vikings,,,,,
,The Lost World: Jurassic Park,,,,,
,The Miracle Piano Teaching System,,,,,
,The Ooze,,,,,
,The Pagemaster,,,,,
,The Pirates of Dark Water,,,,,
,The Punisher,,,,,
,The Ren & Stimpy Show Presents: Stimpy's Invention,,,,,
,The Revenge of Shinobi,,,,,
,The Simpsons: Bart vs. the Space Mutants,,,,,
,The Simpsons: Bart's Nightmare,,,,,
,The Steel Empire,,,,,
,Beyond Oasis,,,,,
,The Terminator,,,,,
,The Tick,,,,,
,Theme Park,,,,,
,Thomas the Tank Engine & Friends,,,,,
,Thunder Force II,,,,,
,Thunder Force III,,,,,
,Lightening Force: Quest for the Darkstar,,,,,
,Thunder Fox,,,,,
,Time Killers,,,,,
,Tinhead,,,,,
,Tiny Toon Adventures: ACME All-Stars,,,,,
,Tiny Toon Adventures: Buster's Hidden Treasure,,,,,
,Todd's Adventures in Slime World,,,,,
,ToeJam & Earl,,,,,
,ToeJam & Earl in Panic on Funkotron,,,,,
,Toki: Going Ape Spit,,,,,
,Tom and Jerry: Frantic Antics,,,,,
,Tony La Russa Baseball,,,,,
,Top Gear 2,,,,,
,Toughman Contest,,,,,
,Toxic Crusaders,,,,,
,Toy Story,,,,,
,Toys,,,,,
,Trampoline Terror!,,,,,
,Traysia,,,,,
,Triple Play 96,,,,,
,Triple Play: Gold Edition,,,,,
,Trouble Shooter,,,,,
,Troy Aikman NFL Football,,,,,
,True Lies,,,,,
,Truxton,,,,,
,Turrican,,,,,
,Twin Cobra,,,,,
,Two Crude Dudes,,,,,
,Ultimate Mortal Kombat 3,,,,,
,Ultimate Qix,,,,,
,Uncharted Waters,,,,,
,Universal Soldier,,,,,
,Unnecessary Roughness '95,,,,,
,Urban Strike,,,,,
,VR Troopers,,,,,
,Valis III,,,,,
,Valis: The Fantasm Soldier,,,,,
,Vapor Trail: Hyper Offence Formation,,,,,
,Vectorman,,,,,
,Vectorman 2,,,,,
,Venom - Spider-Man: Separation Anxiety,,,,,
,Viewpoint,,,,,
,Virtua Fighter 2,,,,,
,Virtua Racing,,,,,
,Virtual Bart,,,,,
,Virtual Pinball,,,,,
,WWF Raw,,,,,
,WWF Royal Rumble,,,,,
,WWF Super WrestleMania,,,,,
,WWF WrestleMania: The Arcade Game,,,,,
,Wacky Worlds,,,,,
,Wardner,,,,,
,Warlock,,,,,
,WarpSpeed,,,,,
,Warrior of Rome,,,,,
,Warrior of Rome II,,,,,
,Wayne Gretzky and the NHLPA All-Stars,,,,,
,Wayne's World,,,,,
,Weaponlord,,,,,
,Wheel of Fortune,,,,,
,Where in Time is Carmen Sandiego?,,,,,
,Where in the World is Carmen Sandiego?,,,,,
,Whip Rush,,,,,
,Will Harvey Presents The Immortal,,,,,
,Williams Arcade's Greatest Hits,,,,,
,Wimbledon Championship Tennis,,,,,
,Winter Challenge,,,,,
,Winter Olympics,,,,,
,Wiz 'n' Liz,,,,,
,Wolfchild,,,,,
,Wolverine: Adamantium Rage,,,,,
,Wonder Boy in Monster World,,,,,
,Wonder Library,,,,,
,World Championship Soccer II,,,,,
,World Class Leaderboard Golf,,,,,
,World Championship Soccer,,,,,
,World Cup USA 94,,,,,
,World Heroes,,,,,
,World Series Baseball '95,,,,,
,World Series Baseball '96,,,,,
,World Series Baseball,,,,,
,World Series Baseball 98,,,,,
,World Trophy Soccer,,,,,
,World of Illusion Starring Mickey Mouse and Donald Duck,,,,,
,X-Men,,,,,
,X-Men 2: Clone Wars,,,,,
,X-Perts,,,,,
,Ys III: Wanderers from Ys,,,,,
,Zany Golf,,,,,
,Zero Tolerance,,,,,
,Zero the Kamikaze Squirrel,,,,,
,Zombies Ate My Neighbors,,,,,
,Zool: Ninja of the Nth Dimension,,,,,
,Zoom!,,,,,
,Zoop,,,,,