YEAR,RANK,GAME,RUNNER1,RUNNER2,COMMENTARY1,COMMENTARY2,VIDEOURL,TIMESTAMP,VIDEO2URL,TIMESTAMP2,EVENTID,KEY
1989,1,The Revenge of Shinobi,Faust4712,,,,https://www.youtube.com/watch?v=4hUz6wl3wbI,3:04:34,,,1,1_1
,2,Golden Axe,ShimeGabriel,,,,https://www.youtube.com/watch?v=4hUz6wl3wbI,2:49:37,,,1,1_2
,3,Ghouls 'n Ghosts,Corova83,,,,https://www.youtube.com/watch?v=4hUz6wl3wbI,2:09:31,,,1,1_3
,4,Altered Beast,ZeeGee_,,,,https://www.youtube.com/watch?v=4hUz6wl3wbI,1:56:49,,,1,1_4
,5,Mystic Defender,chronoon,,,,https://www.youtube.com/watch?v=4hUz6wl3wbI,1:20:03,,,1,1_5
,6,Super Hang-On,ShimeGabriel,,,,https://www.youtube.com/watch?v=4hUz6wl3wbI,1:08:38,,,1,1_6
,7,Truxton,Paulsaltine,,,,https://www.youtube.com/watch?v=4hUz6wl3wbI,0:51:35,,,1,1_7
,8,Last Battle,Jimmy_Diamonds,,,,https://www.youtube.com/watch?v=4hUz6wl3wbI,0:41:22,,,1,1_8
,9,Space Harrier II,KrakenZer0,,,,https://www.youtube.com/watch?v=4hUz6wl3wbI,0:19:30,,,1,1_9
,10,Arnold Palmer Tournament Golf,Rusty929,,,,https://www.youtube.com/watch?v=4hUz6wl3wbI,0:03:29,,,1,1_10
1990,1,Phantasy Star II,Boostershane,,,,https://www.youtube.com/watch?v=aZ9QOSiID1o,4:03:55,,,2,2_1
,2,Castle of Illusion Starring Mickey Mouse,ZeeGee_,,,,https://www.youtube.com/watch?v=aZ9QOSiID1o,3:38:57,,,2,2_2
,3,Michael Jackson's Moonwalker,Shimegabriel,,,,https://www.youtube.com/watch?v=aZ9QOSiID1o,2:58:52,,,2,2_3
,4,Strider,chronoon,,,,https://www.youtube.com/watch?v=aZ9QOSiID1o,2:41:55,,,2,2_4
,5,Super Monaco GP,MasterSystemMarceau,,,,https://www.youtube.com/watch?v=aZ9QOSiID1o,2:29:41,,,2,2_5
,6,Shadow Dancer: The Secret of Shinobi,Paulsaltine,,,,https://www.youtube.com/watch?v=aZ9QOSiID1o,2:13:43,,,2,2_6
,7,Sword of Vermilion,Grimshins,,,,https://www.youtube.com/watch?v=aZ9QOSiID1o,1:16:43,,,2,2_7
,8,Thunder Force III,Faust4712,,,,https://www.youtube.com/watch?v=aZ9QOSiID1o,0:51:31,,,2,2_8
,9,Columns,sYnStream,,,,https://www.youtube.com/watch?v=aZ9QOSiID1o,0:36:08,,,2,2_9
,10,Shove It! ...The Warehouse Game,Grimshins,,,,https://www.youtube.com/watch?v=aZ9QOSiID1o,0:17:58,,,2,2_10
1991,1,Streets of Rage,Sonicman2005,,,,https://www.youtube.com/watch?v=fKWuimZLtx4,7:08:15,,,3,3_1
,2,Sonic the Hedgehog,SuperSonic_,,,,https://www.youtube.com/watch?v=fKWuimZLtx4,5:52:07,,,3,3_2
,3,ToeJam & Earl,HoodyTwoShoes,,,,https://www.youtube.com/watch?v=fKWuimZLtx4,5:20:01,,,3,3_3
,4,Shining in the Darkness,infinitemystery,,,,https://www.youtube.com/watch?v=fKWuimZLtx4,4:17:11,,,3,3_4
,5,Quackshot Starring Donald Duck,Faust4712,,,,https://www.youtube.com/watch?v=fKWuimZLtx4,3:40:29,,,3,3_5
,6,Phantasy Star III: Generations of Doom,LadyErianna,,,,https://www.youtube.com/watch?v=fKWuimZLtx4,2:10:32,,,3,3_6
,7,OutRun,MasterSyetemMarceau,,,,https://www.youtube.com/watch?v=fKWuimZLtx4,1:50:17,,,3,3_7
,8,Ys III: Wanderers from Ys,Shimegabriel,,,,https://www.youtube.com/watch?v=fKWuimZLtx4,0:51:19,,,3,3_8
,9,Batman: The Video Game,Shimegabriel,,,,https://www.youtube.com/watch?v=fKWuimZLtx4,0:30:04,,,3,3_9
,10,Road Rash,MasterSyetemMarceau,,,,https://www.youtube.com/watch?v=fKWuimZLtx4,0:06:05,,,3,3_10
1992,1,Streets of Rage 2,Sonicman2005,,,,https://www.youtube.com/watch?v=5Y9Zoz1NuEc,5:45:05,,,4,4_1
,2,Sonic the Hedgehog 2,March_TV,,,,https://www.youtube.com/watch?v=5Y9Zoz1NuEc,5:10:28,,,4,4_2
,3,Wonder Boy in Monster World,Paulsaltine,,,,https://www.youtube.com/watch?v=5Y9Zoz1NuEc,3:48:19,,,4,4_3
,4,Teenage Mutant Ninja Turtles: The Hyperstone Heist,LRock617,,,,https://www.youtube.com/watch?v=5Y9Zoz1NuEc,3:10:39,,,4,4_4
,5,Road Rash II,Kickasspancakes,,,,https://www.youtube.com/watch?v=5Y9Zoz1NuEc,2:46:57,,,4,4_5
,6,Ecco the Dolphin,Grimshins,,,,https://www.youtube.com/watch?v=5Y9Zoz1NuEc,2:10:02,,,4,4_6
,7,Golden Axe II,Kickasspancakes,,,,https://www.youtube.com/watch?v=5Y9Zoz1NuEc,1:50:39,,,4,4_7
,8,Splatterhouse 2,z_tox,,,,https://www.youtube.com/watch?v=5Y9Zoz1NuEc,1:17:48,,,4,4_8
,9,Kid Chameleon,wax_house,,,,https://www.youtube.com/watch?v=5Y9Zoz1NuEc,0:39:39,,,4,4_9
,10,Alisia Dragoon,Boostershane,,,,https://www.youtube.com/watch?v=5Y9Zoz1NuEc,0:03:38,,,4,4_10
1993,1,Shinobi III: Return of the Ninja Master,BaconOmletette,,,,https://www.youtube.com/watch?v=jHdox7Zb9-A,6:06:16,,,5,5_1
,2,Castlevania: Bloodlines,JaekRock,NoDiggity1,,,https://www.youtube.com/watch?v=jHdox7Zb9-A,5:21:17,,,5,5_2
,3,Disney's Aladdin,insomniatics,svipur,,,https://www.youtube.com/watch?v=jHdox7Zb9-A,5:02:17,,,5,5_3
,4,Rocket Knight Adventures,March_TV,,zyzex,,https://www.youtube.com/watch?v=jHdox7Zb9-A,4:17:05,,,5,5_4
,5,Gunstar Heroes,anthole,kavoc,,,https://www.youtube.com/watch?v=jHdox7Zb9-A,3:21:45,,,5,5_5
,6,Shining Force,broxi,,,,https://www.youtube.com/watch?v=jHdox7Zb9-A,2:11:54,,,5,5_6
,7,Street Fighter 2,Sonicman2005,,,,https://www.youtube.com/watch?v=jHdox7Zb9-A,1:42:46,,,5,5_7
,8,Mortal Kombat,Cypherin,,,,https://www.youtube.com/watch?v=jHdox7Zb9-A,1:07:36,,,5,5_8
,9,World of Illusion: Starring Mickey Mouse and Donald Duck,ZeeGee_,,,,https://www.youtube.com/watch?v=jHdox7Zb9-A,0:29:05,,,5,5_9
,10,Sonic Spinball,chronoon,,,,https://www.youtube.com/watch?v=jHdox7Zb9-A,0:01:28,,,5,5_10
1994,1,Sonic the Hedgehog 3,Shimegabriel,,,,https://www.youtube.com/watch?v=crFkgItId6k,6:07:32,,,6,6_1
,2,Earthworm Jim,Grimshins,,,,https://www.youtube.com/watch?v=crFkgItId6k,5:02:09,,,6,6_2
,3,Fatal Fury 2,Sonicman2005,,,,https://www.youtube.com/watch?v=crFkgItId6k,4:34:49,,,6,6_3
,4,Disney's The Lion King,insomniatics,,,,https://www.youtube.com/watch?v=crFkgItId6k,4:15:30,,,6,6_4
,5,Streets of Rage 3,Sonicman2005,,,,https://www.youtube.com/watch?v=crFkgItId6k,3:31:00,,,6,6_5
,6,Sonic 3 & Knuckles,SuperSonic_,,,,https://www.youtube.com/watch?v=crFkgItId6k,2:59:41,,,6,6_6
,7,Shining Force 2,ty2358,,,,https://www.youtube.com/watch?v=crFkgItId6k,1:45:34,,,6,6_7
,8,Ecco: The Tides of Time,Grimshins,,,,https://www.youtube.com/watch?v=crFkgItId6k,1:04:20,,,6,6_8
,9,Dynamite Headdy,petaQ_src,,,,https://www.youtube.com/watch?v=crFkgItId6k,0:22:25,,,6,6_9
,10,NBA Jam,wax_house,,,,https://www.youtube.com/watch?v=crFkgItId6k,0:04:34,,,6,6_10
1995,1,Phantasy Star IV: The End of the Millennium,VaeVictusBR,,,,https://www.youtube.com/watch?v=tc7ZEh2SwdE,6:11:07,https://www.youtube.com/watch?v=sCEhfO-9FkQ,,7,7_1
,2,Ristar,Shimegabriel,,,,https://www.youtube.com/watch?v=tc7ZEh2SwdE,5:32:3,,,7,7_2
,3,Beyond Oasis,Boostershane,,,,https://www.youtube.com/watch?v=tc7ZEh2SwdE,5:15:18,,,7,7_3
,4,The Adventures of Batman & Robin,Cypherin,TopazDragoon39,,,https://www.youtube.com/watch?v=tc7ZEh2SwdE,4:25:25,,,7,7_4
,5,Vectorman,wax_house,,,,https://www.youtube.com/watch?v=tc7ZEh2SwdE,3:59:42,,,7,7_5
,6,X-Men 2: Clone Wars,TopazDragoon39,,A_Frame,,https://www.youtube.com/watch?v=tc7ZEh2SwdE,3:11:37,,,7,7_6
,7,Comix Zone,Boostershane,,,,https://www.youtube.com/watch?v=tc7ZEh2SwdE,2:42:20,,,7,7_7
,8,Earthworm Jim 2,Cypherin,,,,https://www.youtube.com/watch?v=tc7ZEh2SwdE,1:48:04,,,7,7_8
,9,Light Crusader,chronoon,,,,https://www.youtube.com/watch?v=tc7ZEh2SwdE,0:19:56,,,7,7_9
,10,NHL '96,wax_house,,,,https://www.youtube.com/watch?v=tc7ZEh2SwdE,0:03:12,,,7,7_10