EVENTID,RUNID,DATE,EVENT,RACETITLE,VIDEOURL,GAME,CONSOLE,RUNNER1,RUNNER2,RUNNER3,RUNNER4,RUNNER5,RUNNER6,RUNNER7,RUNNER8,RUNNER9,RUNNER10,RUNNER11,RUNNER12,RUNNER13,RUNNER14,RUNNER15,RUNNER16,COMMENTARY1,COMMENTARY2,COMMENTARY3,COMMENTARY4
2,185,8/17/2019,Sega Week,The Sonic 1 Race,https://www.youtube.com/watch?v=oGdD9AQ0M28,Sonic the Hedgehog,Genesis,Faust4712,NoDiggity1,Shimegabriel,z_tox,Corova83,,,,,,,,,,,,Shannaberryblast,,,
,,,,,,Sonic the Hedgehog 2,Genesis,NoDiggity1,,,,,,,,,,,,,,,,,,,
,,,,,,Shinobi III: Return of the Ninja Master,Genesis,Faust4712,,,,,,,,,,,,,,,,,,,
,,,,,,Garfield: Caught in the Act,Genesis,zerg_hug_party,,,,,,,,,,,,,,,,,,,
,,,,,,Arnold Palmer Tournament Golf,Genesis,Boostershane,NoDiggity1,zerg_hug_party,z_tox,,,,,,,,,,,,,,,,
,,,,,,Contra: Hard Corps,Genesis,z_tox,,,,,,,,,,,,,,,,,,,
,,,,,,The Revenge of Shinobi,Genesis,Shimegabriel,,,,,,,,,,,,,,,,,,,
,,,,,,Daytona USA Deluxe,PC,RaptorZX4,,,,,,,,,,,,,,,,,,,
,,,,,,Jurassic Park,Genesis,Boostershane,,,,,,,,,,,,,,,,,,,
,,,,,,Wirehead,Sega CD,NoDiggity1,,,,,,,,,,,,,,,,,,,
,,,,,,Mega Man: The Wily Wars (Mega Man 3),Genesis,koolrunner,,,,,,,,,,,,,,,,,,,
,,,,,,Pringles: The Game,Genesis,NoDiggity1,,,,,,,,,,,,,,,,,,,
,,,,,,Madden NFL '95,Genesis,z_tox,,,,,,,,,,,,,,,,,,,
,,,,,,The Punisher,Genesis,Faust4712,,,,,,,,,,,,,,,,,,,
,,,,,,Ecco the Dolphin,Sega CD,NoDiggity1,,,,,,,,,,,,,,,,,,,
,,,,,,NHL 96,Genesis,Boostershane,,,,,,,,,,,,,,,,,,,
,,,,,,Jurassic Park,Sega CD,NoDiggity1,,,,,,,,,,,,,,,,,,,
,,,,,,Skitchin',Genesis,Gok_Zarah,,,,,,,,,,,,,,,,,,,
,,,,,,Krusty's Fun House,Genesis,NoDiggity1,,,,,,,,,,,,,,,,,,,
,,,,,,Sports Talk Baseball,Genesis,NoDiggity1,,,,,,,,,,,,,,,,,,,
,,,,,,Decap Attack,Genesis,Corova83,,,,,,,,,,,,,,,,,,,
,,,,,,Virtua Fighter 2,PC,RaptorZX4,,,,,,,,,,,,,,,,,,,
,,,,,,NBA Jam,Genesis,Shimegabriel,,,,,,,,,,,,,,,,,,,
,,,,,,Bishoujo Senshi Sailor Moon,Mega Drive,Sonicman2005,,,,,,,,,,,,,,,,,,,
,,,,,,Atomic Runner,Genesis,flavoursavior,,,,,,,,,,,,,,,,,,,
,,,,,,Comix Zone,Genesis,Boostershane,,,,,,,,,,,,,,,,,,,
,,,,,,Ex-Mutants,Genesis,radioactive_man_from_mars,,,,,,,,,,,,,,,,,,,
,,,,,,ToeJam & Earl,Genesis,flavoursavior,,,,,,,,,,,,,,,,,,,
,,,,,,PGA Tour Golf III,Genesis,z_tox,,,,,,,,,,,,,,,,,,,
,,,,,,Sonic Jam 6,Genesis,NoDiggity1,,,,,,,,,,,,,,,,,,,
,,,,,,Alisia Dragoon,Genesis,Geobardi,,,,,,,,,,,,,,,,,,,
,,,,,,Dr. Robotnik's Mean Bean Machine,Genesis,radioactive_man_from_mars,,,,,,,,,,,,,,,,,,,
,,,,,,Castlevania: Bloodlines,Genesis,NoDiggity1,,,,,,,,,,,,,,,,,,,
,,,,,,The Lion King,Genesis,Boostershane,,,,,,,,,,,,,,,,,,,
,,,,,,Golden Axe Warrior,Master System,zerg_hug_party,,,,,,,,,,,,,,,,,,,
,,,,,,Mighty Morphin Power Rangers: The Movie,Genesis,Faust4712,,,,,,,,,,,,,,,,,,,
,,,,,,Gain Ground,Genesis,z_tox,,,,,,,,,,,,,,,,,,,
,,,,,,Rock n' Roll Racing,Genesis,Gok_Zarah,,,,,,,,,,,,,,,,,,,
,,,,,,Hard Drivin',Genesis,NoDiggity1,,,,,,,,,,,,,,,,,,,
,,,,,,Devil Crash,Mega Drive,zerg_hug_party,,,,,,,,,,,,,,,,,,,
,,,,,,Skeleton Krew,Genesis,radioactive_man_from_mars,,,,,,,,,,,,,,,,,,,
,,,,,,Columns,Genesis,NoDiggity1,radioactive_man_from_mars,,,,,,,,,,,,,,,,,,
,,,,,,The Steel Empire,Genesis,Geobardi,,,,,,,,,,,,,,,,,,,
,,,,,,Will Harvey Presents The Immortal,Genesis,NoDiggity1,,,,,,,,,,,,,,,,,,,
,,,,,,High Seas Havoc,Genesis,Geobardi,,,,,,,,,,,,,,,,,,,
,,,,,,Heart of the Alien,Sega CD,KerryMadonna,,,,,,,,,,,,,,,,,,,
,,,,,,Eternal Champions,Genesis,radioactive_man_from_mars,,,,,,,,,,,,,,,,,,,
,,,,,,Golden Axe,Genesis,Shimegabriel,,,,,,,,,,,,,,,,,,,
,,,,,,Beavis and Butt-Head,Genesis,NoDiggity1,,,,,,,,,,,,,,,,,,,
,,,,,,Castle of Illusion Starring Mickey Mouse,Master System,Geobardi,,,,,,,,,,,,,,,,,,,
,,,,,,Wolverine: Adamantium Rage,Genesis,Faust4712,,,,,,,,,,,,,,,,,,,
,,,,,,Jewel Master,Genesis,Geobardi,,,,,,,,,,,,,,,,,,,
,,,,,,Syd of Valis,Genesis,koolrunner,,,,,,,,,,,,,,,,,,,
,,,,,,Altered Beast,Genesis,z_tox,,,,,,,,,,,,,,,,,,,
,,,,,,Shinobi,Master System,radioactive_man_from_mars,,,,,,,,,,,,,,,,,,,
9,111,5/23/2021,Segathon III,The Sonic 1 Race,https://www.youtube.com/watch?v=dyznHfoh-AQ,Sonic the Hedgehog,Genesis,BaconOmelette,Boostershane,Faust4712,Gok_Zarah,InfiniteMystery,NoDiggity1,Owazrim,Paulsaltine,Sonicman2005,ZeeGee_,Grimshins,,,,,,,,,
,,,,,,The Revenge of Shinobi,Genesis,Faust4712,,,,,,,,,,,,,,,,,,,
,,,,,,Rastan,Master System,Boostershane,,,,,,,,,,,,,,,,,,,
,,,,,,Bonanza Bros.,Genesis,Gok_Zarah,,,,,,,,,,,,,,,,,,,
,,,,,,Vectorman,Genesis,ZeeGee_,,,,,,,,,,,,,,,,,,,
,,,,,,Sonic 2XL,Genesis,NoDiggity1,,,,,,,,,,,,,,,,,,,
,,,,,,Barbie: Vacation Adventure,Genesis,Paulsaltine,,,,,,,,,,,,,,,,,,,
,,,,,,Mortal Kombat,Genesis,Gok_Zarah,,,,,,,,,,,,,,,,,,,
,,,,,,Shinobi III: Return of the Ninja Master,Genesis,BaconOmelette,Faust4712,Paulsaltine,,,,,,,,,,,,,,,,,
,,,,,,Comix Zone,Genesis,Boostershane,,,,,,,,,,,,,,,,,,,
,,,,,,Bare Knuckle 3,Mega Drive,Sonicman2005,,,,,,,,,,,,,,,,,,,
,,,,,,Shadow Dancer: The Secret of Shinobi,Genesis,NoDiggity1,,,,,,,,,,,,,,,,,,,
,,,,,,Castlevania: Bloodlines,Genesis,NoDiggity1,Grimshins,,,,,,,,,,,,,,,,,,
,,,,,,Gain Ground,Genesis,Owazrim,,,,,,,,,,,,,,,,,,,
,,,,,,Teenage Mutant Ninja Turtles: The Hyperstone Heist,Genesis,Paulsaltine,,,,,,,,,,,,,,,,,,,
,,,,,,Socket,Genesis,BaconOmelette,,,,,,,,,,,,,,,,,,,
,,,,,,X-Men,Genesis,Boostershane,,,,,,,,,,,,,,,,,,,
,,,,,,Mutant League Football,Genesis,Owazrim,,,,,,,,,,,,,,,,,,,
,,,,,,Golden Axe Warrior,Master System,Boostershane,,,,,,,,,,,,,,,,,,,
,,,,,,Sonic the Hedgehog,Master System,Grimshins,,,,,,,,,,,,,,,,,,,
,,,,,,Dr. Robotnik's Mean Bean Machine,Genesis,Gok_Zarah,Grimshins,,,,,,,,,,,,,,,,,,
,,,,,,Chakan,Genesis,Grimshins,Boostershane,,,,,,,,,,,,,,,,,,
,,,,,,Bare Knuckle 2,Mega Drive,Sonicman2005,,,,,,,,,,,,,,,,,,,
,,,,,,World of Illusion: Starring Mickey Mouse and Donald Duck,Genesis,Paulsaltine,,,,,,,,,,,,,,,,,,,
,,,,,,Crazy Taxi,Dreamcast,InfiniteMystery,,,,,,,,,,,,,,,,,,,
,,,,,,Master of Darkness,Master System,NoDiggity1,Boostershane,,,,,,,,,,,,,,,,,,
,,,,,,ToeJam & Earl,Genesis,BaconOmelette,,,,,,,,,,,,,,,,,,,
,,,,,,Great Volleyball,Master System,Owazrim,,,,,,,,,,,,,,,,,,,
,,,,,,Super Tennis,Master System,Owazrim,,,,,,,,,,,,,,,,,,,
,,,,,,Space Channel 5,Dreamcast,InfiniteMystery,,,,,,,,,,,,,,,,,,,
,,,,,,Zillion,Master System,Owazrim,,,,,,,,,,,,,,,,,,,
,,,,,,Mazin Saga: Mutant Fighter,Genesis,Owazrim,,,,,,,,,,,,,,,,,,,
,,,,,,FX Unit Yuki: The Henshin Engine,Dreamcast,InfiniteMystery,,,,,,,,,,,,,,,,,,,
,,,,,,Lightening Force: Quest for the Darkstar,Genesis,Grimshins,,,,,,,,,,,,,,,,,,,
,,,,,,OutRun,Master System,Grimshins,,,,,,,,,,,,,,,,,,,
,,,,,,MegaRace,Sega CD,NoDiggity1,,,,,,,,,,,,,,,,,,,
,,,,,,Skitchin',Genesis,Gok_Zarah,,,,,,,,,,,,,,,,,,,
14,73,5/29/2022,Segathon IV,The Sonic 1 Race,https://www.youtube.com/watch?v=m5pYlLiVh5M,Sonic the Hedgehog,Genesis,NoDiggity1,BaconOmelette,Faust4712,Gok_Zarah,ZeeGee_,Grimshins,Paulsaltine,Sauloandrade_,FedePG,,,,,,,,,,,
,,,,,,Haunting Starring Polterguy,Genesis,Paulsaltine,Gok_Zarah,,,,,,,,,,,,,,,,,,
,,,,,,Road Rash 3: Tour De Force,Genesis,Gok_Zarah,,,,,,,,,,,,,,,,,,,
,,,,,,Sonic 3 & Knuckles,Genesis,ZeeGee_,,,,,,,,,,,,,,,,,,,
,,,,,,Sonic the Hedgehog,Master System,Grimshins,,,,,,,,,,,,,,,,,,,
,,,,,,Barney's Hide & Seek Game,Genesis,BaconOmelette,,,,,,,,,,,,,,,,,,,
,,,,,,Sonic Spinball,Genesis,NoDiggity1,,,,,,,,,,,,,,,,,,,
,,,,,,Sonic the Hedgehog,Commodore 64,Sauloandrade_,,,,,,,,,,,,,,,,,,,
,,,,,,Skitchin',Genesis,Gok_Zarah,,,,,,,,,,,,,,,,,,,
21,70,6/11/2023,Segathon V,The ToeJam & Earl Race,https://www.youtube.com/watch?v=Hd-pneN_tks,ToeJam & Earl,Genesis,hoodytwoshoes,BaconOmelette,Grimshins,NoDiggity1,bitty6501,Cypherin,Aludrakijurorin,KrakenZer0,,,,,,,,,Boostershane,,,
,,,,,,Golden Axe,Genesis,NoDiggity1,,,,,,,,,,,,,,,,,,,
,,,,,,Aaahh!!! Real Monsters,Genesis,bitty6501,,,,,,,,,,,,,,,,,,,
,,,,,,R.B.I. Baseball '93,Genesis,hoodytwoshoes,,,,,,,,,,,,,,,,,,,
,,,,,,Greendog: The Beached Surfer Dude!,Genesis,NoDiggity1,,,,,,,,,,,,,,,,,,,
,,,,,,Sword of Sodan,Genesis,Cypherin,,,,,,,,,,,,,,,,,,,
,,,,,,Pocahontas,Genesis,Aludrakijurorin,,,,,,,,,,,,,,,,,,,
,,,,,,NBA Jam,Genesis,hoodytwoshoes,,,,,,,,,,,,,,,,,,,
,,,,,,Shinobi III: Return of the Ninja Master,Genesis,BaconOmelette,Aludrakijurorin,,,,,,,,,,,,,,,,,,
,,,,,,Streets of Rage,Genesis,KrakenZer0,,,,,,,,,,,,,,,,,,,
,,,,,,Judge Dredd,Genesis,Cypherin,,,,,,,,,,,,,,,,,,,
,,,,,,The Ren & Stimpy Show Presents Stimpy's Invention,Genesis,hoodytwoshoes,,,,,,,,,,,,,,,,,,,
,,,,,,Columns,Genesis,Aludrakijurorin,,,,,,,,,,,,,,,,,,,
,,,,,,Herzog Zwei,Genesis,Cypherin,,,,,,,,,,,,,,,,,,,
,,,,,,Marble Madness,Genesis,NoDiggity1,,,,,,,,,,,,,,,,,,,
,,,,,,Hard Drivin',Genesis,NoDiggity1,,,,,,,,,,,,,,,,,,,
,,,,,,Crystal's Pony Tale,Genesis,Aludrakijurorin,,,,,,,,,,,,,,,,,,,
,,,,,,Dahna: Megami Tanjo,Mega Drive,Grimshins,,,,,,,,,,,,,,,,,,,
,,,,,,Road Rash II,Genesis,NoDiggity1,,,,,,,,,,,,,,,,,,,
,,,,,,Rocket Knight Adventures,Genesis,bitty6501,,,,,,,,,,,,,,,,,,,
,,,,,,Zero Tolerance,Genesis,NoDiggity1,,,,,,,,,,,,,,,,,,,
,,,,,,X-Men,Genesis,hoodytwoshoes,,,,,,,,,,,,,,,,,,,
,,,,,,Skitchin',Genesis,Cypherin,,,,,,,,,,,,,,,,,,,
,,,,,,Jeopardy!,Genesis,NoDiggity1,,,,,,,,,,,,,,,,,,,
,,,,,,Comix Zone,Genesis,KrakenZer0,,,,,,,,,,,,,,,,,,,
,,,,,,Frogger,Genesis,Aludrakijurorin,,,,,,,,,,,,,,,,,,,
,,,,,,Wario Woods,NES,Aludrakijurorin,,,,,,,,,,,,,,,,,,,
,,,,,,Spider-Man vs. The Kingpin,Genesis,hoodytwoshoes,,,,,,,,,,,,,,,,,,,
,,,,,,Vectorman 2,Genesis,KrakenZer0,,,,,,,,,,,,,,,,,,,
,,,,,,Pac-Man 2: The New Adventures,Genesis,Aludrakijurorin,,,,,,,,,,,,,,,,,,,
,,,,,,Shove It! ...The Warehouse Game,Genesis,Grimshins,,,,,,,,,,,,,,,,,,,
,,,,,,Gunstar Heroes,Genesis,KrakenZer0,,,,,,,,,,,,,,,,,,,
,,,,,,Phantom 2040,Genesis,Cypherin,,,,,,,,,,,,,,,,,,,
,,,,,,Dark Castle,Genesis,Grimshins,,,,,,,,,,,,,,,,,,,
,,,,,,Tecmo Super Bowl,Genesis,hoodytwoshoes,,,,,,,,,,,,,,,,,,,
22,1,9/15/2023,40 For 40,Sega Rumble 2023,https://www.youtube.com/watch?v=RHUYdVnZtq0,Choplifter,SG-1000,Owazrim,,,,,,,,,,,,,,,,,,,
,,,,,,Castle of Illusion Starring Mickey Mouse,Master System,Faust4712,,,,,,,,,,,,,,,,,,,
,,,,,,Super Hang-On,Arcade,LRock617,,,,,,,,,,,,,,,,,,,
,,,,,,ExoSquad,Genesis,Cypherin,,,,,,,,,,,,,,,,,,,
,,,,,,X-Men: Mojo World,Master System,Faust4712,,,,,,,,,,,,,,,,,,,
,,,,,,Altered Beast,Genesis,Cypherin,,,,,,,,,,,,,,,,,,,
,,,,,,Hang-On II,SG-1000,Owazrim,,,,,,,,,,,,,,,,,,,
,,,,,,Space Harrier II,Genesis,Cypherin,,,,,,,,,,,,,,,,,,,
,,,,,,Final Fight Revenge,Arcade,LRock617,,,,,,,,,,,,,,,,,,,
,,,,,,Flicky,Genesis,Cypherin,,,,,,,,,,,,,,,,,,,
,,,,,,Popful Mail,Sega CD,Paulsaltine,,,,,,,,,,,,,,,,,,,
,,,,,,H.E.R.O.,SG-1000,Owazrim,,,,,,,,,,,,,,,,,,,
,,,,,,Ghouls'n Ghosts,Genesis,Cypherin,,,,,,,,,,,,,,,,,,,
,,,,,,Vampire: Master of Darkness,Game Gear,Boostershane,,,,,,,,,,,,,,,,,,,
,,,,,,Alex Kidd in Shinobi World,Master System,Faust4712,,,,,,,,,,,,,,,,,,,
,,,,,,Target Earth,Genesis,Cypherin,,,,,,,,,,,,,,,,,,,
,,,,,,NiGHTS into Dreams,Saturn,ShivaPSOBB,,,,,,,,,,,,,,,,,,,
,,,,,,Crazy Taxi,Dreamcast,InfiniteMystery,,,,,,,,,,,,,,,,,,,
,,,,,,Castle of Illusion Starring Mickey Mouse,Genesis,Cypherin,,,,,,,,,,,,,,,,,,,
,,,,,,Burning Rival,Arcade,LRock617,,,,,,,,,,,,,,,,,,,
,,,,,,Eternal Champions,Genesis,Cypherin,,,,,,,,,,,,,,,,,,,
,,,,,,The House of the Dead 2,Dreamcast,InfiniteMystery,,,,,,,,,,,,,,,,,,,
,,,,,,Wonder Boy,SG-1000,Owazrim,,,,,,,,,,,,,,,,,,,
,,,,,,Puyo Puyo Sun,Arcade,LRock617,,,,,,,,,,,,,,,,,,,
,,,,,,Mega Man,Game Gear,Boostershane,,,,,,,,,,,,,,,,,,,
,,,,,,Castlevania: Bloodlines,Genesis,Cypherin,,,,,,,,,,,,,,,,,,,
,,,,,,Puyo Puyo Sun,Saturn,ShivaPSOBB,,,,,,,,,,,,,,,,,,,
,,,,,,Silver,Dreamcast,InfiniteMystery,,,,,,,,,,,,,,,,,,,
,,,,,,Fighting Vipers,Arcade,LRock617,,,,,,,,,,,,,,,,,,,
,,,,,,Kishin Douji Zenki,Game Gear,Boostershane,,,,,,,,,,,,,,,,,,,
,,,,,,Pacar,SG-1000,Owazrim,,,,,,,,,,,,,,,,,,,
,,,,,,Sega Bass Fishing,Dreamcast,InfiniteMystery,,,,,,,,,,,,,,,,,,,
,,,,,,Final Fight CD,Sega CD,Paulsaltine,,,,,,,,,,,,,,,,,,,
,,,,,,Die Hard Arcade,Saturn,ShivaPSOBB,,,,,,,,,,,,,,,,,,,
,,,,,,Atomic Robo-Kid,Genesis,Cypherin,,,,,,,,,,,,,,,,,,,
,,,,,,Dynamite Cop,Dreamcast,InfiniteMystery,,,,,,,,,,,,,,,,,,,
,,,,,,Comix Zone,Genesis,Cypherin,,,,,,,,,,,,,,,,,,,
,,,,,,Star Force,SG-1000,Owazrim,,,,,,,,,,,,,,,,,,,
,,,,,,Sonic the Fighters,Arcade,LRock617,,,,,,,,,,,,,,,,,,,
,,,,,,Marvel vs. Capcom: Clash of Super Heroes,Dreamcast,InfiniteMystery,,,,,,,,,,,,,,,,,,,
,,,,,,General Chaos,Genesis,Cypherin,,,,,,,,,,,,,,,,,,,
,,,,,,Ninja Gaiden,Master System,Faust4712,,,,,,,,,,,,,,,,,,,
,,,,,,Shenmue,Dreamcast,InfiniteMystery,,,,,,,,,,,,,,,,,,,
,,,,,,Robo Pit,Saturn,ShivaPSOBB,,,,,,,,,,,,,,,,,,,
,,,,,,Disney's Aladdin,Genesis,Cypherin,,,,,,,,,,,,,,,,,,,
,,,,,,Champion Boxing,SG-1000,Owazrim,,,,,,,,,,,,,,,,,,,
,,,,,,Tough Turf,Arcade,LRock617,,,,,,,,,,,,,,,,,,,
,,,,,,Shinobi Legions,Saturn,ShivaPSOBB,,,,,,,,,,,,,,,,,,,
,,,,,,The Revenge of Shinobi,Genesis,Cypherin,,,,,,,,,,,,,,,,,,,
,,,,,,Ecco the Dolphin,Genesis,Cypherin,,,,,,,,,,,,,,,,,,,
,,,,,,Sonic the Hedgehog CD,Sega CD,Paulsaltine,,,,,,,,,,,,,,,,,,,
,,,,,,Virtua Racing Deluxe,Sega 32X,Cypherin,,,,,,,,,,,,,,,,,,,
,,,,,,Chaotix,Sega 32X,Cypherin,,,,,,,,,,,,,,,,,,,
,,,,,,Sonic Shuffle,Dreamcast,InfiniteMystery,,,,,,,,,,,,,,,,,,,
,,,,,,Ecco the Dolphin,Game Gear,Boostershane,,,,,,,,,,,,,,,,,,,
,,,,,,Sonic Drift 2,Game Gear,Boostershane,,,,,,,,,,,,,,,,,,,
,,,,,,Space Invaders,SG-1000,Owazrim,,,,,,,,,,,,,,,,,,,
,,,,,,The Cyber Shinobi,Master System,Faust4712,,,,,,,,,,,,,,,,,,,
,,,,,,Sonic R,Saturn,ShivaPSOBB,,,,,,,,,,,,,,,,,,,
,,,,,,Time Gal,Sega CD,Paulsaltine,,,,,,,,,,,,,,,,,,,
,,,,,,The Amazing Spider-Man: Web of Fire,Sega 32X,Cypherin,,,,,,,,,,,,,,,,,,,
,,,,,,Championship Lode Runner,SG-1000,Owazrim,,,,,,,,,,,,,,,,,,,
,,,,,,Shadow of the Beast,Master System,Faust4712,,,,,,,,,,,,,,,,,,,
,,,,,,Gunbird 2,Dreamcast,InfiniteMystery,,,,,,,,,,,,,,,,,,,
,,,,,,Mortal Kombat II,Sega 32X,Cypherin,,,,,,,,,,,,,,,,,,,
,,,,,,Pen Pen TriIceLon,Dreamcast,InfiniteMystery,,,,,,,,,,,,,,,,,,,
,,,,,,Shadow Dancer: The Secret of Shinobi,Genesis,Cypherin,,,,,,,,,,,,,,,,,,,
,,,,,,Last Battle,Genesis,Cypherin,,,,,,,,,,,,,,,,,,,
,,,,,,Keio Flying Squadron 2,Saturn,ShivaPSOBB,,,,,,,,,,,,,,,,,,,
,,,,,,Shinobi,Master System,Faust4712,,,,,,,,,,,,,,,,,,,
,,,,,,Rampage,Master System,Faust4712,,,,,,,,,,,,,,,,,,,
,,,,,,QuackShot Starring Donald Duck,Genesis,Cypherin,,,,,,,,,,,,,,,,,,,
,,,,,,Michael Jackson's Moonwalker,Master System,Faust4712,,,,,,,,,,,,,,,,,,,
,,,,,,Gunstar Heroes,Genesis,Cypherin,,,,,,,,,,,,,,,,,,,
,,,,,,Blockbuster World Video Game Championship II,Genesis,Cypherin,,,,,,,,,,,,,,,,,,,
,,,,,,Virtua Racing,Sega 32X,Cypherin,,,,,,,,,,,,,,,,,,,